<?xml version="1.0" encoding="utf-8"?>
<install type="module" version="1.5.0">
    <!-- Name of the Module -->
	<name>Purlem Form Module</name> 
 
    <creationDate>2011-06-12</creationDate>
	<author>Purlem</author>
	<authorEmail>support@purlem.com</authorEmail>
	<authorUrl>http://www.purlem.com</authorUrl>
	<copyright>Copyright 2011  NOOK Web, LLC  (email : support@purlem.com)</copyright>
	<license>A "Slug" license name e.g. GPL2

	This program is free software; you can redistribute it and/or modify
	it under the terms of the GNU General Public License, version 2, as 
	published by the Free Software Foundation.

	This program is distributed in the hope that it will be useful,
	but WITHOUT ANY WARRANTY; without even the implied warranty of
	MERCHANTABILITY or FITNESS FOR A PARTICULAR PURPOSE.  See the
	GNU General Public License for more details.

	You should have received a copy of the GNU General Public License
	along with this program; if not, write to the Free Software
	Foundation, Inc., 51 Franklin St, Fifth Floor, Boston, MA  02110-1301  USA</license>
	<!--  The version string is recorded in the components table -->
	<version>1.0.0</version>
	<!-- The description is optional and defaults to the name -->
	<description>Use with Purlem's Component to display the form within a module</description>
 
    <!-- Listing of all files that should be installed for the module to function -->
	<files>
        <!-- The "module" attribute signifies that this is the main controller file -->
		<filename module="mod_purlem_form">mod_purlem_form.php</filename>
		<filename>index.html</filename>
	</files>
 
    <!-- Optional parameters -->
	<params />
</install>